driverId,name,ssn,location,certified,wage-plan
10,Cynthia Lewis,790-16-6832,"212 Jason Stream Port Andrew, AL 18426",Y,miles
11,Mr. Ryan Mcguire,820-93-1643,"56310 Ashley Mountains Lynnstad, KS 62417",Y,hours
12,Ashley Gomez,337-72-6509,"744 Jessica Corner Suite 516 East Sara, AS 04927",N,hours
13,Anthony Jacobs,252-95-0243,"PSC 3331, Box 0245 APO AE 11811",N,miles
14,Brianna Ballard,629-20-8463,"312 Morgan Port Apt. 027 Reidview, WI 39486",N,hours
15,Justin Carson,291-42-9131,"5898 Garrett Forest Apt. 215 Susanfurt, ME 19441",Y,hours
16,Tony Werner,354-57-4552,"94051 Rice Extension Suite 927 Sarahtown, RI 45482",Y,hours
17,Amanda Roman,443-93-4289,"1986 Lara Ramp Suite 771 South Susanshire, KS 66203",Y,hours
18,Tony Terrell,161-92-9853,"4071 Michael Unions Apt. 567 South Darryl, PR 97484",Y,miles
19,Danielle Moss,620-54-6727,"60366 Brent Fort Apt. 436 South Stephanie, KY 49323",N,hours
20,Russell Nguyen,802-24-4113,"206 Jennings Fields South Timothyville, PW 38610",Y,miles
21,Hannah Decker,345-62-3614,"33893 Brown Course Apt. 622 Craigborough, OK 92559",N,miles
22,Jackie Stein,596-32-3902,"708 Rebecca Harbors Suite 008 Ericmouth, LA 11673",Y,hours
23,Earl Campos,876-75-1969,"5668 Dunn Viaduct Apt. 076 Montoyaville, WV 16527",N,hours
24,Ruben Jackson,614-13-1975,"3455 Craig Corners Suite 745 West Elizabethport, ID 40954",N,miles
25,John Cox,636-89-0136,"4308 Cline Pike Stokeschester, AR 24768",N,hours
26,Brian Williams,546-10-0245,"73147 Heather Fork Apt. 668 Danielburgh, WV 93743",Y,hours
27,Gregory Torres,576-39-7757,"10107 Arnold Roads South Isabellastad, OR 16585",Y,miles
28,Adam Harris,134-96-6447,"46972 Gilbert Roads Apt. 629 Ramirezfurt, PR 25855",Y,hours
29,Michael Webb,511-93-1235,"38695 Eaton Key Suite 556 North Christopher, HI 01048",Y,hours
30,Lindsay Rangel MD,463-59-0764,"78081 Hoffman Park Johnville, NY 29283",N,hours
31,Francisco Osborne,183-95-9514,"16761 Janet Fall Suite 462 North Loriview, IN 84714",N,miles
32,Melanie Baxter,652-60-8565,USNV Rosales FPO AE 33819,N,hours
33,Mckenzie Miller,880-22-9501,USS Turner FPO AE 58309,N,hours
34,Amy Escobar,647-66-9751,"76803 Chapman Square Jorgetown, UT 26932",N,hours
35,Kathryn Watson,669-38-4813,"024 Alicia Trail Suite 343 Micheletown, ME 91225",N,hours
36,Kara Brown DDS,405-26-5172,"6788 Cooper Orchard Suite 262 North Jonathanville, VA 77967",Y,miles
37,Elizabeth Petersen,136-41-7535,"85105 Watkins Corners Apt. 678 Curtisside, NJ 12672",N,hours
38,Ashley Hernandez,227-10-9989,"7047 Chapman Trafficway New Brooke, NH 52586",N,miles
39,Angela Summers,652-88-1735,"563 Barajas Village Apt. 579 Blairfurt, NM 76505",Y,miles
40,Peter Martinez,789-29-6512,"9392 Russell Pines Apt. 202 Ayalahaven, WY 95738",Y,hours
41,Kathryn Gonzalez,889-07-6754,"03472 Campbell Landing Apt. 222 West Amandafurt, ND 52334",Y,miles
42,Kathleen Thomas,800-79-9725,"PSC 1686, Box 1832 APO AA 35638",Y,hours
43,Stephanie Johnson MD,091-66-1884,"9978 John Divide Brandonmouth, OK 80189",N,miles
44,Damon Jacobs,524-95-7945,"18494 Ferguson Unions Lake Aprilshire, IA 12607",Y,miles
45,Thomas Bishop,748-19-8694,"648 Branch Parkways Suite 665 Wilsonland, FL 19749",Y,hours
46,Monica Arias,122-90-9984,"43826 Oneal Curve Maystown, GU 51024",Y,miles
47,Chad Medina,535-56-5540,"792 Wilson Greens Apt. 933 Lake Christian, AZ 44838",N,miles
48,Renee Mayer,754-66-0035,"790 Lisa Radial Apt. 561 Catherineport, CA 08731",N,hours
49,Keith Mason,830-58-4725,"3840 Christina Burg Port Crystalton, NY 70554",Y,miles
50,Bryan Rodriguez,228-43-0140,"604 Cohen Cliff Apt. 006 East Jenniferfurt, AZ 11733",N,hours
51,Anthony Dorsey,080-83-7826,"205 Jeffery Lights Apt. 693 Kathleenton, MO 73805",N,miles
52,Jamie Castillo,015-07-3254,"6176 Alyssa Centers Suite 354 Ryanbury, ME 81348",N,hours
53,Christina Shaw,648-65-6677,Unit 3104 Box 6773 DPO AP 12341,Y,miles
54,Sharon Johnson,841-68-6255,"6073 Tyler Rapid Suite 829 Lake Jennifer, GU 10957",N,hours
55,William Byrd,432-11-1898,"107 Thomas Crest Foxfurt, TX 23090",Y,hours
56,Pamela Parker,371-91-3746,"121 Diana Mission Port Barrystad, DC 83200",N,hours
57,Blake Perez,846-47-3185,"384 Wilson Ridges Nelsonville, ME 18715",Y,miles
58,Charles Huffman,252-60-5532,"965 Arthur Well Apt. 813 Port Sarahhaven, GA 18295",N,hours
59,Andrew Jackson,898-58-7047,"27005 Craig Groves Suite 462 Ricardoview, AR 29813",Y,hours
60,Scott Alvarez,845-71-0009,"897 Amanda Tunnel Suite 826 Huertaton, WI 35823",Y,hours
61,Bethany Williams,823-66-4623,Unit 5884 Box 9373 DPO AP 25266,Y,miles
62,Christina Greene,445-03-2825,"22949 Munoz Valleys Suite 039 Andrademouth, IL 70561",Y,miles
63,Jessica James,361-97-6082,"0016 Wyatt Mountain Suite 043 Joshuaton, PA 88445",Y,hours
64,Carol Boyd,056-26-0829,"43650 Wilson Skyway Riosborough, UT 65314",N,hours
65,Wayne Hunter,696-20-7815,Unit 7593 Box 6422 DPO AE 96487,Y,miles
66,Katrina Horne,816-31-3019,"6058 Davis Highway Suite 637 Greerville, IL 08240",Y,hours
67,Jamie Charles,173-87-8542,"89893 Moon Glens Richardland, NV 65733",Y,miles
68,Mrs. Elizabeth Morales,581-25-8111,"0044 Sarah Grove Port Jennifermouth, OR 14608",Y,hours
69,Daniel Jacobs,376-24-8235,"0301 Matthews Run Suite 834 Fordport, WV 01512",N,hours
70,Zachary Jackson,723-61-7574,"04164 Charles Isle West Danielland, KY 03181",Y,miles
71,Tom George,006-96-6523,"0339 Tina Avenue Glennville, IA 27831",N,hours
72,James Smith,669-98-8894,"8856 Walter Fall Suite 576 North Johnborough, AK 70470",N,miles
73,Samantha Smith,041-51-9542,"355 William Spurs East Victoria, IL 52310",N,hours
74,Andrea Salazar,124-16-4953,"42101 Robin Groves Lake Nathanbury, AZ 25656",N,miles
75,Kristie Wolf,752-62-8905,"2312 Brian Inlet Suite 201 West Rachel, MA 24413",N,hours
76,Patrick Scott,236-85-4946,USS Caldwell FPO AA 76555,Y,hours
77,Guy Garcia,870-70-2079,"73357 Oscar Road Apt. 704 Connieside, WY 97664",N,miles
78,Patricia Owen,665-36-2036,"6215 Amy Course Derrickview, AS 52505",Y,hours
79,Eddie Welch,707-45-9705,"0106 Julie Street Lake Patricia, MD 58813",N,miles
80,Stephen Wallace,137-64-9080,"82487 Amanda Isle Lake Jamesmouth, AZ 73371",Y,hours
81,Jennifer Salas,096-70-3833,"239 Holmes Unions Suite 893 South Chadhaven, CT 92339",N,miles
82,Ryan Dunlap,266-49-0673,"1566 Mendoza Harbor Suite 868 South Maxwellberg, LA 16383",Y,hours
83,Brendan Cooke,669-71-6120,"9775 Gregory Grove Flemington, WV 67623",Y,hours
84,Tamara Williams,802-36-7358,"9084 Christopher Squares Port Patriciaborough, NY 06271",Y,miles
85,Luis Daugherty,588-68-6318,USNS Gray FPO AE 86782,Y,miles
86,Lisa Hill,400-13-0714,"98684 Christopher Pines Suite 419 Lake Sarah, LA 62860",N,hours
87,Rebecca Delgado,504-63-1760,"231 Murphy Green Apt. 339 Jonesmouth, TX 09212",Y,miles
88,Samantha Myers,673-05-4341,"802 Moreno Views Lake Marie, GU 59409",N,hours
89,Eric White,201-82-7546,"967 Roy Highway Lake Dianamouth, IA 72677",N,miles
90,Matthew Carson,202-77-0504,"198 Vincent Meadows Apt. 939 Hickshaven, ID 07949",N,hours
91,Sara Payne,408-70-1782,"53648 Ortiz Burgs South Lindsey, DE 01418",N,hours
92,Luis Heath,435-29-5866,"6853 Johnson Lake Suite 397 Port Dana, MI 67679",N,miles
93,Tammy Scott,617-50-7831,"52327 Nancy Pike Burnettfurt, WY 07140",Y,miles
94,Sandra Schwartz,525-10-3077,"3700 Frederick Brooks Apt. 602 Randystad, WY 99864",N,miles
95,Brian Jackson,675-28-8137,"7974 Brittany Wall Suite 765 South Hannahburgh, CT 03214",N,miles
96,Courtney Parrish,562-54-8562,"4242 Nancy Stream Phammouth, ND 08459",N,hours
97,Cassandra Carroll,133-27-1338,"10326 Kevin Expressway Rivastown, NH 06395",N,hours
98,Sandra Warren,112-28-7450,"0757 Carter Orchard Suite 295 Port Susan, MO 04418",N,miles
99,Joseph Moore,784-69-9262,"0786 April Rue Suite 772 South Hannah, FL 09634",N,hours
100,Marc Owens,392-43-4835,"4546 Guy Valleys North Latoyafurt, AR 33258",N,miles
101,Jasmine Thompson,161-43-1243,"9545 William Landing Port Brian, GU 36494",Y,miles
102,Jason Jones,785-64-0750,"60389 Michael Cove Yolandabury, AS 56970",Y,miles
103,Eric Mitchell,873-59-2876,"6921 Anita Circles Apt. 145 West David, AZ 61949",N,hours
104,Michael Smith,178-33-1570,"133 William Plains New Andrea, MH 28439",N,miles
105,Ashley Mcgrath PhD,290-23-8964,"38728 William Isle Traciburgh, HI 10940",N,hours
106,Daniel Mahoney,093-78-7203,"869 Stephen Ville Suite 625 New Jimmyberg, WA 21727",N,hours
107,Bonnie Adams,238-03-6173,"85347 Andrade Well Gardnerberg, FM 96604",N,hours
108,Mary Leon,340-67-1486,"396 Donald Shoals New Jason, NV 92240",N,hours
109,Jasmine Johnson,501-88-9253,"78992 Shelton Passage Apt. 326 Alexanderborough, RI 29334",N,hours
